days_left,demand,seasonality,competitor_price,base_price,class_type,ticket_price
7,0.24734810174319766,0,130.2493657469869,492.147496376874,1,675.5041819580597
20,0.4505441353100935,1,145.063385990247,127.00101867352878,0,286.837212821967
29,0.12915941515149498,1,150.1933322680596,307.480397752238,1,580.0109123715051
15,0.9540510272587224,0,270.1232115682276,171.7458728048842,0,359.61252033865253
11,0.60617463445088,0,212.24455765650498,488.27061816389767,0,803.272337408154
8,0.22864280550346272,0,204.67818227487328,145.32140189098567,0,197.4159131465242
29,0.6717006844058567,0,122.95377437384349,261.4404009446365,0,443.5454746278748
21,0.6181282404578958,0,272.027938669887,395.15399393384246,0,662.4126307810672
7,0.3581627180328405,1,244.56286064169674,381.8217712109781,0,800.9204279521928
26,0.11355759219962902,0,113.53367238000031,269.09145475757293,0,305.80219967933834
19,0.6715731955927996,1,241.56701944595375,238.6096671810873,0,618.6369877484321
23,0.5203077009037933,0,208.70764346852923,259.0449514211482,1,460.0987988726735
11,0.7723183917356393,1,116.34506914935565,205.71050526345573,1,606.311274692416
11,0.5201635011119934,1,191.6601283057313,182.13317548271993,0,432.2743213962581
24,0.8521815003185401,1,196.9392574260094,293.215879023556,1,879.5274658332053
21,0.5519068387744855,1,133.15490803265516,207.41350242704294,1,541.9451401093099
4,0.5609379715353863,1,289.1396294000565,214.98466595890005,1,581.4805555296527
8,0.876653602658345,1,269.9950742961324,362.70242538982285,1,1096.3997273807095
24,0.40348286621239704,0,233.80446746582166,487.4149326799569,1,752.6589534989706
3,0.13401522845064073,1,192.45911220012144,341.45488022375,1,649.4684622237953
22,0.028782676313338973,0,182.35310831690168,130.79178682598652,0,148.39163532233226
21,0.755137255673619,1,230.19469343019082,130.2334455416268,1,411.6858276502949
2,0.6203095513534647,1,209.0863738813811,480.5692883382264,1,1238.515149360486
24,0.7040797680992236,0,112.45462117637712,218.91631612293344,1,429.4963273295424
12,0.21296416150891073,1,202.50052975406635,136.82679443299017,1,316.79904994745266
30,0.13637147558676976,0,261.2807234465679,339.6178348601526,0,406.06009248027226
6,0.014544665667881929,0,191.8479755193916,349.45951131610644,0,372.5270806245998
2,0.350587558806597,0,110.39131551085369,359.4019280474753,0,496.0429041831092
28,0.5899176868546331,0,257.25563987680664,206.9608111430165,0,349.176218109744
21,0.3922440450997323,1,140.27275642719488,106.04427368579002,1,281.28653847667056
1,0.43747492202372906,1,151.72416697760775,486.00614778178874,0,1062.9048907762804
12,0.9041586944937484,0,132.94127068645918,200.357218276441,0,392.40606625431286
26,0.34825546702330035,1,166.04301297429953,370.410515221019,0,760.5163045819144
22,0.5139894891598108,1,251.350301137727,382.6519479514838,0,889.731570921383
29,0.7836530127411431,0,203.87717190078746,344.0029668317943,1,678.1696453715002
12,0.39654278232127016,1,140.97625483014252,225.16295768545928,0,483.3721805856209
25,0.6220867002278735,0,275.5660156304082,208.4385015056263,1,410.66192267074484
17,0.8623637087467452,0,275.91637099030584,339.06731308108124,0,655.6582958035068
27,0.9495206236576421,1,274.11568500920134,446.4382534446766,1,1377.5224419210617
27,0.14707348092903794,1,147.75924227630787,478.69349156935823,1,883.0208387364391
10,0.9265876251614944,1,190.24786883619763,142.36232176150304,0,428.43501797607576
28,0.4921162930795382,0,296.99793122817505,161.93144503908795,0,265.7203406275544
28,0.25824438829895835,0,254.40249526199807,477.8945035132319,0,621.1483267706406
16,0.4591357562382613,1,105.43348424511197,394.61409133391703,0,871.0366442956952
15,0.980032575285477,1,113.04091825209841,453.19752993190923,1,1404.3229002813528
30,0.4926180939928696,1,192.78627536246654,181.05305365413727,1,468.6432233214874
30,0.3287516102875082,1,281.844041172312,335.03434844376073,0,689.950549111641
15,0.6334008543167258,0,207.74035959054285,380.4558377669895,0,639.2109263974405
30,0.24014561877819307,1,199.56250160685806,372.04475417878905,1,756.0407579870384
19,0.07586332810866392,0,121.09473999132612,263.26067634667925,0,291.5419814136087
12,0.12887972191064923,0,231.3560209448588,106.15795667652338,1,190.57516670608234
23,0.12804583895777244,1,264.42063212004507,333.1704227217052,0,585.5893267345369
20,0.15190269351229435,1,176.08400150151246,201.2406156718435,1,411.3228110048547
25,0.13882717264941014,1,255.1223701850655,280.10169845715615,1,548.9933749808977
3,0.6408747448032146,0,292.89533078016234,483.0324060335269,1,871.2852090599624
5,0.18188008439914483,1,140.75329182553781,259.61412705697387,1,523.3244787785137
19,0.3456672833238632,1,204.66592623894826,435.9206426657707,1,946.5728130651551
7,0.8967884099060118,0,157.4275916169151,175.41624229970046,0,347.07025446502803
21,0.47396164026287235,1,258.5708838067679,368.9841992100115,1,887.4599216286834
9,0.6675577385210272,0,215.51867317623152,490.8027817755774,0,838.1938441551342
7,0.17231987120162984,1,226.91648351006074,140.7572403491747,1,318.81041316626806
18,0.19228901880867078,0,259.5828319231788,103.32797689087681,1,195.5550953750264
4,0.04086861626647886,1,179.19409453249096,273.43311705304575,0,444.03133473589986
25,0.16893506307216455,1,283.01801368140866,137.05019322054687,0,263.60596575260934
28,0.2785903390319586,0,206.605773449228,399.3537398704925,0,525.6704109996165
14,0.17701048427674682,0,131.5909645670696,465.81946553942356,0,558.6334911767993
18,0.08870253375705561,1,239.1798236337605,273.60838908350354,1,517.135202041971
26,0.12063587110060081,0,258.6522700876509,203.4846568621764,0,248.697432707117
9,0.46077876803272577,0,163.35233541350533,273.7613276026439,1,464.43996841174413
26,0.2063337184057925,0,271.4358513997506,389.3791271400004,0,491.6647554523736
21,0.36426986104807546,0,281.2286509531533,103.6216646321484,0,165.2907791045867
2,0.5034172708548569,1,155.3808974755618,335.78159579387886,1,822.3678652751394
20,0.6903948286293653,1,296.7042945430444,345.3166739549516,1,951.2527092937187
28,0.039312139841098936,0,128.14230560975167,355.0752987583742,0,376.2482991182585
15,0.7994103989090426,0,140.403133680498,196.8088319923509,1,415.18017225222866
28,0.6279003894909078,0,136.84496784760523,385.6210893512507,1,685.8372183355697
7,0.08175903194887191,0,278.7979420015741,136.55659453271056,1,224.20112370809701
12,0.8735786241067772,1,230.85851046499238,179.70813458672032,1,575.7318303561738
29,0.9208724005318132,1,130.42085664445457,450.98801866179275,1,1356.6777426913916
8,0.06107795985486375,0,188.06468367366978,395.48926029062653,1,486.8514058210541
15,0.2768776481472037,0,223.0596050139604,105.4982216045381,1,204.01428158751116
3,0.8062012797930613,0,116.69281699787666,199.35050414792008,1,421.1364174191529
14,0.7482596903836584,1,276.4832736814677,185.76259319726583,0,511.9902078700229
17,0.18452101935637732,0,260.720707088307,208.32253121478902,1,319.43448773827333
4,0.2093493233367103,1,201.04135471532766,199.02390811195457,0,380.33827837606253
18,0.370472102791382,0,293.4253230518341,125.0105182971383,1,247.06596018690306
8,0.4845229851910213,1,183.55219585501993,283.57620663872814,1,698.218314798208
4,0.618254771530296,0,296.82206380729957,393.09338991446606,1,715.0074602668338
2,0.3689136395697724,1,233.58399976072542,342.69268988697456,1,776.6334460267731
30,0.4625347161331479,0,226.9342546507883,369.14866743923193,0,556.5861670092457
6,0.7474709381337565,0,133.190979059157,132.45967141449566,0,243.58852417749358
22,0.0366832028905979,0,276.3855516609288,480.5962840707149,1,571.4646502338412
10,0.25243694434402075,1,185.49793758412304,435.3967335372099,0,834.5102255514788
4,0.7133495858845524,0,132.44668115649586,422.0361273982651,1,785.5400922217873
22,0.8952068376871993,1,102.5215039951518,429.193522016707,1,1275.967896825187
29,0.5116774421156661,1,211.9511367276765,473.08420325310453,0,1088.1211910912389
18,0.5321134852653157,0,205.47992442453528,317.70158644547905,0,503.7028773257564
26,0.10717201133977605,0,243.8707244738317,180.11280714705038,1,268.60293140443616
12,0.44741236682345464,0,278.05161060356045,346.71344314101646,1,577.2424864066039
2,0.5326172664550232,1,115.88131692860591,397.1525974671756,0,924.2125241363428
10,0.24247050363472966,0,246.29929806807246,395.16695734161016,1,563.6132183148413
30,0.26924323094938096,1,137.48238881951644,308.57960966675205,0,595.2421100497425
4,0.37728416310462265,1,271.6354106314328,127.38348773343122,1,339.52843150757343
14,0.02007119777772637,0,263.81270277233125,248.44517537205112,1,327.0130379010986
16,0.3220791655831783,0,208.15875099710888,468.3066433853429,0,636.754331423664
15,0.21144800699654465,0,242.0485597246623,333.7795639029704,0,425.5614434388955
8,0.32749735217791465,0,162.8700226367497,315.33277730228536,0,433.2904291873668
14,0.11976213181925122,0,194.23357978656293,207.5414057528774,1,299.02036492526247
23,0.890527280739895,0,264.3273795420943,247.37956796663156,1,539.5105598927753
28,0.5935924535540487,1,191.85303943464277,458.1384356612677,1,1158.7142345727443
25,0.6791023191444896,1,171.55965306508836,366.5852190107343,1,985.4571024140307
30,0.7891712386073383,1,198.84248945006,414.95481070093314,0,1127.5220678867993
8,0.4984421989290573,0,265.6498504874437,281.73816922706203,1,497.13334686759003
21,0.08692028808742369,1,167.04160947417455,352.0988877824632,1,636.559297763082
16,0.5371065418185478,1,134.75231862714875,199.35344349728302,1,519.9164550633068
13,0.5868411180208791,1,242.40280406615616,382.18433211339453,0,931.3389996979384
18,0.74543947418433,1,265.1956425416164,271.04053348133493,1,782.546833617614
15,0.4316595462296794,1,120.12749570470666,277.0182059258982,1,653.9063880603177
21,0.12758030279556376,0,147.97482255118894,359.7289298307527,0,416.22073787800315
24,0.28377590579872447,0,128.39439795219877,474.51224858757064,1,667.2068315383178
26,0.3630822963986351,1,169.58828231643332,125.60253864344837,1,318.5687234430582
25,0.6459172413316012,1,190.07019578108253,429.89729493880304,0,1075.3700741904968
28,0.5707783046689119,1,249.7652673926613,216.95324416487725,1,580.5547003318557
28,0.35609672589784624,0,230.22951697633482,277.56778180255117,1,443.8317118148009
28,0.9865152487929797,0,224.18571349568623,108.76533151000358,1,282.8825609342143
13,0.6057748193568872,1,170.47498932193088,220.41843113372522,0,545.3610485872222
9,0.23722679173599448,0,268.289510616952,301.0524970520522,1,447.4991661335157
29,0.10178247262040374,0,194.2574334796329,122.4704309389756,1,198.5615175707942
15,0.15285913918433203,1,295.8209876030309,296.43829175326607,0,539.2094895382194
13,0.24595772838450813,0,226.82842765914737,470.84425154337094,0,606.7348768417971
1,0.16068137325955567,0,125.25294831290054,142.15728724312208,1,227.32461020749008
25,0.18656702405130576,1,235.2355124150868,405.77629123020176,1,790.7447007149034
7,0.2850951686938471,0,165.0208030863398,263.86842135039706,1,404.1981137569016
9,0.17337359529475482,0,237.26543933721948,362.0694858097352,1,496.76931824481414
24,0.8967654246264252,1,113.92822963248115,204.09463919409174,0,587.2723054256859
1,0.08023374566164221,0,134.97628743519186,163.79690501654332,1,240.23657297732402
12,0.5245113895702547,0,271.14745178115726,164.18504570849058,0,275.0167173578225
8,0.4103968269896615,1,145.43591140470298,128.19677825725785,0,284.1560850669709
24,0.9823786169086064,1,267.408225048588,174.2586819604972,1,590.1108498986096
11,0.11203890216805235,1,155.85521769088209,365.6877539955873,1,673.3740345034187
19,0.39785559904574164,0,228.57638201174154,452.67624473740324,0,651.8336614623538
17,0.9694704332753689,1,238.8301147019662,425.6502742364647,0,1277.941456506601
8,0.8655071258939803,0,202.5309506290106,374.05372394979366,1,766.4529825584208
3,0.8170720709492799,1,161.06213533934624,144.17274536444108,0,408.4646170246468
3,0.25790282704493983,0,142.52887527421922,215.67497851837993,1,334.9510527285487
1,0.17088758739006582,1,106.63787091248524,223.9227501289876,1,453.7463400816668
27,0.668643219924431,1,160.78928024814476,199.98277855904848,0,511.2287893411222
5,0.9293759891275858,1,230.6325581062566,306.0022638838892,0,907.6533866450147
10,0.5567628930139298,1,287.66096368969653,314.221525951869,1,810.5187140510945
7,0.5716126894698998,0,274.2408964526104,242.75439006844408,0,407.53996950135365
26,0.2799790936602842,1,253.21295530706053,241.5156634945744,1,533.8237956275273
9,0.7694929331919369,1,257.6894686506597,431.42223916243256,1,1219.0668519947153
28,0.18704374855752337,0,232.99698069519906,415.71713932787424,1,561.1741294768899
7,0.3236792364042437,1,152.0573715132006,223.11833267229827,0,456.8113934805037
9,0.4254364386164168,0,281.439006141166,465.5153775493037,1,739.9064825091727
8,0.507610378684455,1,234.1464623811668,481.1260068010024,1,1159.8404882004152
12,0.24240973241508024,1,212.08812619608798,230.69701681201633,1,498.73914100917057
2,0.11483682473920354,1,122.19789384269622,241.76997951722194,1,466.1209038076326
1,0.6106200424416326,0,189.41110876128508,302.2536613687835,1,555.5569157780575
16,0.28863055324025577,1,192.07165424038527,476.4483250134694,1,986.9559684027888
23,0.5812382214226123,1,272.912721904534,450.5277732569246,1,1141.2788745198575
23,0.1543627152742023,1,209.3296440375577,141.02718503343593,1,310.5277507677675
30,0.4811401018548175,0,176.08010979408192,257.09229730856646,1,442.39772240110733
24,0.5325894325515859,0,295.36006570213186,321.34847589990875,1,567.2312849009713
5,0.05182353682242691,1,122.14411866526314,301.25298902061604,1,536.5118884515146
3,0.3366042781939206,0,184.5096856623889,177.5452271747571,0,255.15867878093076
12,0.13441467693897424,1,108.40493503428105,443.52670846726187,1,813.1553050529714
8,0.06337497047276774,1,247.98082415338607,370.77631319873495,1,664.6094590648984
22,0.9899602323899452,1,283.6153104398301,435.16334994072145,1,1372.8981725074204
27,0.32235384497472297,1,156.0074659100979,443.50571173978886,0,889.9079713720512
3,0.8098744458546349,1,271.66833535982414,399.3423414662959,1,1160.7060819873898
1,0.25464065476376385,1,158.44364609237954,275.6842404998869,0,534.4713486224815
3,0.6815027222239293,1,282.15403232878305,344.2187020061698,1,945.8224299285213
5,0.7602278598896866,0,250.7923807193568,164.14616244789727,1,363.0138863067027
15,0.5956387406078443,0,260.9813553682877,369.4581669899631,0,612.6198998199761
14,0.47157618855015837,0,103.6013111200909,171.7013022957123,1,310.23167911343194
3,0.41184091414726853,0,292.5620714148052,377.5798362040627,0,561.7388682514004
1,0.3488682665429953,0,245.33419841406464,191.83926430158746,0,283.09931573477223
5,0.9295291442478258,0,160.95021907722668,147.020520060088,1,348.77540016613455
26,0.8306194077877291,0,265.87893297176936,166.11379605718298,1,375.4790322607489
23,0.9650269106665126,1,156.304239682986,100.7968540876281,1,358.1332201573712
14,0.12429722348554473,1,274.5507679132256,387.49584714141207,1,728.1458343712255
7,0.7308674752036443,1,122.5160780823874,392.96041962335164,0,1031.0952218608916
27,0.9383404568210378,1,240.73719549215915,305.9733399653038,0,908.2944748943245
9,0.18123306616566015,0,208.13969532898207,164.54512042215347,1,263.38010665175636
15,0.0664962673667775,0,119.30689403908816,133.4217350042759,0,151.22447177156837
15,0.741120649290059,1,148.3787656517678,107.6515865749148,0,292.9894770368078
26,0.5744731131799119,1,102.48080725546296,166.2992707860883,1,447.79867661672876
10,0.8418287767582721,0,193.75359309290116,456.34221399325867,0,857.8795810916554
28,0.1397723766262895,1,160.25305215200007,196.6147366806727,0,346.5693737746236
13,0.7952673118598902,1,219.67149685955178,241.70853088688625,1,720.2642864343104
19,0.20162732004774453,1,159.44756154172345,142.1381937925333,0,268.3404614791955
7,0.1636559428657045,1,159.98382230139694,188.94452189926812,1,394.3980059001436
17,0.16426579793099294,0,248.63863974632068,307.68982831208206,0,379.6966074496485
20,0.8145747202313821,1,109.62856719567068,343.10107323826105,1,990.8366576931737
29,0.6651972206962001,1,280.57899903839746,198.1409256664844,0,517.173477992843
4,0.5230654247691193,0,270.45277487823626,123.09286369004688,0,213.72376220995218
30,0.3588304841235025,0,233.56093664528132,256.41314765095944,1,415.77809522271247
5,0.8772005408131083,1,218.64431402147687,193.68134837053367,1,616.2325292620145
23,0.3924451074226354,0,278.46049962793046,187.82156929192078,1,334.7772751917696
7,0.8165994394715771,1,137.0660359057429,483.9451210853821,1,1381.0082571386386
13,0.4391349085702184,1,115.79383243816572,346.52019437028963,0,757.0133456080481
15,0.3769444294249076,0,147.9020339819076,322.7513772688384,0,456.2009144177345
11,0.46267978566960644,1,258.91565574003806,266.31004140932873,0,607.9810370093952
29,0.3013778741641421,1,106.93405334529666,271.5777333720577,1,585.0312853235966
4,0.7476093801762511,1,216.56136701669794,316.36200153523237,0,850.1719388231284
13,0.5027203900924792,1,299.087503238262,378.57192281444287,0,880.6403716184955
7,0.2322126951468173,0,271.1392187675079,380.8584384727318,1,545.0125248166439
27,0.8995745732745685,0,204.2891378087179,168.67756308217983,1,385.44452369369765
19,0.3838912213732114,1,112.72818185732847,300.04510083065077,0,630.3174897690994
22,0.5435528611139886,0,266.274702877142,264.7832380136408,1,480.9343948986957
28,0.9064721109645469,1,219.79570163544213,448.21078650775365,0,1298.1316166293198
2,0.6242379959139921,1,122.98659941191337,352.56756848735057,0,870.8791212374365
10,0.11689804070836407,1,118.77145696467124,313.0016265663927,1,584.2635008722697
13,0.9398321236134751,1,281.92536388731844,146.15785687156693,0,450.8750952056809
30,0.6277080530714179,1,233.84005258761567,342.25515572936456,1,903.0212150376101
25,0.3349056146570861,0,265.8573598633511,146.88156227209336,1,267.658758152957
21,0.13927207266338726,1,275.79578005645345,234.88263022630082,0,424.7724094614639
6,0.794025189270296,0,214.35447040966443,157.13678592573274,0,302.1427991527051
28,0.6200727559285135,0,203.48927035100826,376.82945880974756,0,625.2400668840588
28,0.5334610919763215,1,186.08548206419803,182.50084553446104,1,482.79546702623475
12,0.8938925830509576,1,163.38931755822387,256.7437492752104,0,743.306555501346
12,0.7885972112245307,1,186.91919217174234,458.26991104751147,1,1295.7823465487133
20,0.15167487973275118,1,254.77593114603127,181.7265533595881,1,385.41245284157964
30,0.31172206779554823,1,220.38468620302632,303.1220255835117,0,612.4562439094713
30,0.24848913981446574,0,278.50465799096924,267.7086644664088,1,406.0818260196431
11,0.743946292572677,1,188.67600287583753,107.2496164182919,0,297.22395668636653
26,0.03353243473577938,1,221.4179157437508,417.10324542912514,0,663.5763907512137
23,0.5698896848713165,0,226.26151061839775,127.6183625258399,0,218.372901991324
28,0.7624586857406905,0,218.33943246126512,289.70200839078143,0,526.8217642109817
25,0.8767656367617495,1,240.52675461710328,324.27131797557996,0,931.9245753077269
7,0.34208174871590746,0,147.48669367496126,351.3705826458348,0,484.9167153721454
30,0.8212573046720129,1,202.47275550915813,375.4526517231502,0,1039.9411023148127
1,0.11063173695520723,0,120.84496056166954,201.30895340908603,1,285.46460864553507
1,0.8464522917345182,0,176.90226552896252,103.99151066337976,0,209.5055897382284
25,0.12748866233198242,1,197.53341372425288,389.3774649419648,1,723.2813570068766
27,0.39728729056036727,0,230.4448519090945,314.26263973903144,1,506.7596775962095
30,0.7972953657795536,0,290.1062105172407,434.4470812828995,1,853.8403469179324
25,0.14991742734877378,0,220.13021330967118,428.55534516027774,0,509.8162813142395
20,0.22925139523264149,0,248.71878323531195,437.3304671151533,1,608.4609652025762
13,0.7222525683930663,0,201.25321189904054,294.03786399181604,1,573.9327876546203
9,0.7200365365460744,0,226.82080627526625,233.45135833474626,0,422.42694646960007
3,0.6411476328852973,1,114.18644322675469,416.623281036548,0,1036.4291115397305
7,0.6939484444671,1,150.8783161683694,280.51764521170196,1,776.4614747447416
6,0.5427244433475962,0,172.37061864102773,173.37687856137381,0,283.509810332042
8,0.25179905890695276,1,194.4986710013027,441.9896078245897,0,847.773129782342
27,0.34569599350391944,1,109.12974910047674,453.0239507089389,0,919.9617480555519
9,0.18159771680142567,1,128.00481951066354,286.5239024560681,0,518.8344653777531
30,0.9084505613336283,0,155.36286155826116,130.279890923915,1,308.1690171200555
5,0.5833917947661205,1,294.30653818021017,255.1304359667725,0,634.387812175357
1,0.4008514167636399,0,166.26940142061017,421.41506378504135,0,606.7668292908759
19,0.4620058036441327,1,196.4082116224165,460.7096114184915,0,1026.1810096949432
10,0.9472833396118153,0,139.2195425476786,181.38909699903832,1,415.1379208282267
12,0.1533514031160802,0,222.15601421515365,126.7894448101086,1,216.04838549356296
24,0.5862298320167972,1,156.13664310319487,450.94018125313545,0,1083.7558162484972
15,0.505888678884466,1,141.39851568768535,255.7619755915501,0,588.8634468674293
27,0.6114542354346478,0,203.31452568919582,316.70438570702527,1,575.2860762972339
22,0.01811018382084051,1,101.10115983208416,487.22632482030355,0,749.785240670936
24,0.8721239089441515,1,101.53280652984506,126.62589116568914,0,360.94231816695446
9,0.9321182824836124,1,143.81376182037155,359.32720298083825,1,1103.9753635915038
20,0.5651331835892089,0,107.34427250016422,129.64216902994684,0,209.64168799126747
17,0.6966508238768923,0,121.60515082613827,250.18757138660015,0,433.24146419944776
30,0.9224993811772957,1,167.77212986775032,421.5258180773787,1,1276.351899592796
17,0.7072386343133986,1,260.51713591596257,273.38889310225375,1,772.7618343361113
26,0.15253904291426135,1,214.40972867386017,498.87294156118014,0,878.6967867715033
20,0.5762883601668132,0,202.53354519128328,323.62371397864086,1,576.3776479376139
12,0.6067150463828559,0,158.69776464162433,228.4648610543814,0,380.5477062900056
30,0.424130671302386,1,286.35074388656324,188.04453036190125,0,424.3350492772109
7,0.7364442356247228,1,179.40300824743832,240.20821371446473,0,642.2025529060346
2,0.9343670147690148,1,117.4185533591543,249.01330950382032,1,783.8665535499019
3,0.9255685129067763,1,223.41330322356026,127.4854710895844,1,439.9643437971423
17,0.4508393714041321,1,122.76767869532028,247.82967977070928,0,548.2183530902669
5,0.11323804584075525,1,169.04462856033842,285.69540789569,0,492.9749592432469
17,0.9848411989623346,0,201.4823877435618,389.09510089552185,1,839.0402253461942
24,0.8388980864459341,1,274.84450493703514,362.6917938886432,1,1073.114319120907
17,0.12466268120326685,0,198.70931606802372,383.5062620916617,1,497.78611258905346
27,0.9208418826173723,1,240.45175320633285,103.34547275074284,0,316.41064397841217
17,0.8698963620621283,1,298.56336779981405,187.06695983221442,1,601.1500782584014
2,0.5188380571260721,0,126.29782397959633,364.6737153599426,1,616.1100997202011
2,0.5912754357449292,0,154.9463051039039,293.59574727189886,0,482.28633118333937
28,0.39900270387013026,0,178.91521511952928,102.12539026733837,0,155.16521862975162
22,0.05476163882203133,0,184.36563570776627,421.79785697272894,0,458.932762442953
23,0.3351972416459009,1,182.20421505310915,409.12382931613496,1,883.0119340970786
5,0.8028534485980114,0,281.522200511311,319.367665197425,0,602.9253166230039
1,0.004632023004602859,1,242.80652889337128,126.58533031050885,0,214.8381675981657
1,0.3334991716911442,0,221.58104281814076,406.60601981303387,0,564.1668949071277
19,0.3981686935909433,1,161.87454357255643,333.4854350925456,0,711.7907970296834
30,0.5373956029379229,1,264.75807684425894,412.78399086318365,1,1022.3942464587653
2,0.9198556164127605,1,291.0121022969978,400.6987969583362,0,1182.6269639751467
21,0.34634599436596125,1,264.2396565100453,421.20082878313485,1,922.8470386346995
12,0.3469532018962277,1,100.31302103829458,307.20322656184993,1,678.3138565793336
26,0.7375012481097484,1,227.28027403668142,156.129807277406,1,474.4416299211092
6,0.45221794088980716,0,110.22707628842015,368.4629893518755,0,544.9112713195254
23,0.22460482293998196,1,151.52144406674438,348.18951402078824,1,700.1439816571531
4,0.4524395161326934,0,111.90494006955434,396.90127487963485,0,586.8655896455815
23,0.14085702037979986,0,220.75909058987753,167.9524024202941,0,209.08558644983358
11,0.1763869865062233,1,237.31798269852135,177.99007996011568,0,335.6096189582754
24,0.49836777273947974,0,122.89752761318103,456.16380688773137,1,740.9909000920504
27,0.4189254495045479,1,176.76777660899592,399.9911193808283,0,863.6131459588034
17,0.9148459010681,0,191.24730179110838,463.29139548012915,0,902.8563598143563
6,0.3623938991166331,1,173.8106043521833,403.4861284655683,0,840.7416201347387
24,0.5805883502780435,0,124.2050000970386,338.86212239612075,1,593.222023019505
5,0.6322642879195304,1,183.78955803749508,361.65309481114946,1,952.8491027174725
20,0.013094456588333636,1,250.23560956168362,455.65116957600395,1,763.4500720093289
2,0.6635373720167106,1,114.2015329066511,331.5227018047762,0,838.2707594769606
6,0.17803596686975143,1,116.03600281638069,352.956529731355,1,684.0968304292413
22,0.9610703174694551,0,170.95425836719684,162.59068640144022,0,331.5471948355687
11,0.14866272775311296,1,288.345142323785,289.5684880464411,0,525.559308258533
16,0.41462412372702373,0,233.71452934458281,386.5588447832396,1,617.006920004879
16,0.08534966807864386,0,235.73399133451295,208.37707932654615,0,246.5353930157154
1,0.9968742518459474,0,172.383998167573,180.90167220981397,1,428.27629116841035
9,0.5021950103312426,1,218.73215824170768,225.53072328976623,0,528.2599066275952
28,0.5953850173200438,0,102.02623680554868,196.6002511971334,1,368.2557188418185
27,0.06707647738842748,0,227.21920928190843,185.96505481455836,0,215.76085653705562
6,0.7499604703991778,0,282.65738951524736,269.9403371472348,0,499.4506583254124
16,0.20990559309558576,1,222.51469366896384,463.13540555341365,0,859.5766456763977
29,0.8980542894407137,1,274.73971869326897,302.8238586954873,0,883.8381577822641
3,0.20513964048200717,0,244.79461109321875,175.16815232612922,0,234.98154522753072
20,0.19068772066366657,1,124.11168328073805,130.78866775234962,1,292.0038593700979
28,0.03654966784809488,1,280.49066145716836,378.4624580551701,0,610.8917689308071
27,0.47206694510999925,0,113.28876887115497,253.11950577455514,1,428.5377345004177
4,0.5648411332626164,0,206.79349450955277,428.7323786341437,1,740.7774106991859
19,0.06570863942835237,1,128.42742475869153,363.8043074563081,1,640.6068327520233
26,0.7755276166950106,0,102.34132214618081,418.4965802165474,0,748.0863678815167
3,0.4532888347480276,1,184.4068520255278,208.7784157673795,0,472.96369605922405
19,0.52439026932758,1,159.00814153083124,376.9435689844232,0,874.0144771212795
20,0.44076274693822814,1,197.20009875952059,205.6247938774875,1,510.1048241742558
7,0.400763060875326,1,215.43997734691015,475.6273917801166,0,1019.5059194537873
20,0.5596403313082179,1,108.74781446178947,354.54971261334975,0,836.3298283144563
9,0.1552402459307125,1,124.60065902474912,229.80472007013682,1,458.87955789727005
1,0.18192813049527112,0,211.7284792900851,207.80474491690904,1,316.58312159669754
8,0.8617856210135173,0,168.63347063453165,176.3706340286574,1,393.62765746704486
7,0.9461154621336327,1,245.8346975098896,377.85638355749114,1,1176.211695511684
18,0.37330931627975295,1,230.45832971838794,187.48624519917092,1,455.6607437813361
8,0.27074467314355377,1,269.12087259798136,338.1213063709956,1,719.8108606807215
1,0.6439995432390158,0,238.49856533384505,205.85401077014293,0,362.07375621341896
11,0.4087341710980964,1,185.98621547802964,364.7875779175474,1,837.2317108546406
28,0.02538635566034486,0,234.59332447888647,425.9758914162157,0,454.6491993463288
25,0.15615259736619036,1,155.0762348510837,411.21009725786126,0,723.6400564969284
25,0.7159722288473975,1,161.26269975564253,404.3405323723127,0,1051.8819567979554
18,0.6589239419101514,0,257.79703198415865,175.08896227690082,1,362.6389746837699
23,0.02709599250348349,0,189.28390328031645,135.35397879380747,0,153.34991951655277
30,0.22197216193294944,1,259.6760681036705,379.57953139495424,1,765.7210377166492
10,0.2310747965880714,1,264.4844747336557,247.33888551774052,1,531.1874497389747
3,0.6718927435987284,1,271.5124675322568,272.9384905613389,0,711.0370694806644
7,0.019710537754364155,0,283.32704716824145,112.45963711735642,1,191.6089817574243
28,0.10410858198457384,0,186.19704410265925,203.83057971001966,0,238.07079673898943
16,0.7999160853731894,0,163.77336366422776,113.47056154978561,0,217.41482531621048
26,0.1785446620543336,0,216.43974931882278,451.67430904049905,1,598.7623208386419
16,0.6527461078518747,0,174.2344846875255,197.3586732874122,0,340.4072275953328
25,0.23818278104672652,0,220.2148333600466,322.9348678292032,0,416.8738760817246
20,0.09944139275934516,1,241.1171725287649,115.59172826445217,0,210.7412133246701
28,0.24317219099945409,1,237.68100369842736,366.7389565222632,1,752.0476085267958
17,0.7222669318556592,0,174.91057740402425,229.21093830163755,0,408.85347719692055
2,0.8556964681062857,1,133.37204033975055,459.16767478306633,1,1341.0509525792427
1,0.8302198645669916,1,186.1058676924415,455.24727557361433,1,1318.2144973364925
16,0.3971835296184548,0,128.51882881638176,230.1162473446991,0,331.1665135692583
30,0.6680851365706462,1,278.01940703676166,460.38435827618713,0,1173.7423984288605
12,0.20498429541582097,0,169.17549214757148,498.46306939951154,1,665.157719685935
5,0.29314773026101326,0,130.89194944466476,430.1662656495792,1,618.357725004076
5,0.8963358185211198,1,105.08955198115018,437.9485391020916,0,1255.2552072505555
27,0.013001923510736035,0,229.16447725729685,199.60349444363595,0,219.71517153659738
23,0.08550853085446808,0,227.38046349094864,330.6809595431025,1,427.09504892427384
9,0.20788625514602732,0,168.1208333162583,126.90236558694714,1,218.29570646961548
9,0.026532203873819715,0,114.3423777695302,137.96717472866789,1,201.2619857134168
3,0.18143543508979731,0,181.9257789790464,499.5570448133162,1,657.7869724890982
19,0.5830415609696922,0,162.2434990126787,230.65569977036438,1,427.56190891230216
16,0.42142455059249795,0,235.42412794700186,399.27356481953854,0,587.8796602317773
16,0.8926717110769748,0,221.15584989053806,422.66602121072657,1,868.8836065680565
3,0.8174435617384409,1,172.91874563950802,443.2093084028917,1,1274.9537306530246
20,0.34181735169787597,1,143.57851085099801,499.0513189608626,0,1014.8114298391948
24,0.2594234334312925,1,297.60719323111834,196.59859410274714,0,396.36203391208215
22,0.3796924081672669,0,190.80032423922296,116.14033074387989,1,224.9179650332888
24,0.5902949425148077,0,237.65484715604742,264.47660719783437,1,489.56129555579605
1,0.26806364082287626,1,128.11059351567215,152.0322679315788,0,301.79094614538246
24,0.624148907849134,1,197.11793993187956,108.97035566482205,1,330.3879202046166
20,0.4094116521912404,1,105.5073439738931,244.17073085659445,1,572.7563441873925
11,0.5520471808519802,0,201.09102358208997,413.4953004300946,0,659.6733176862799
17,0.4361265291353167,1,292.80348142354046,326.4722764900283,1,779.1635940841487
8,0.29446575954191767,1,176.84134259716006,225.11119568414162,0,453.1822366137084
4,0.9484533069621567,0,107.79920251498231,361.73680219708785,0,714.8071887423297
6,0.7636057941597608,1,106.19115818386871,192.80727212352429,0,519.4731492281646
8,0.14011317576645255,0,177.5973519893739,105.75257842883401,0,136.72964323692617
20,0.8684679758979128,0,132.00498729263882,405.74135457457095,1,817.3152262492898
30,0.48743119824951364,0,104.67041926563718,349.4972339456036,0,524.3201313991635
3,0.8945522268940914,1,251.24272279003537,404.92104980038397,1,1225.2403872024197
16,0.7998552559473152,1,191.70460177637813,115.57520667506624,1,377.99842496461065
30,0.42521350446923345,0,157.8489543945309,434.84785113226087,1,679.5359252625781
25,0.022469308320117398,1,280.01663660329615,347.8104800145213,1,606.4399750507332
3,0.2686773593849461,1,123.22779204010513,325.35814028505604,1,680.8845386108732
25,0.5416342146608669,1,291.1837657910638,349.8456192458126,0,833.119341296951
29,0.6334782198261473,1,162.79334347547058,445.7732987473456,0,1102.7207960733124
18,0.2578876854332023,0,277.6807344617363,334.7746026235628,0,445.27692348214714
14,0.13935607407282413,1,220.58857529589233,332.38015195527174,0,587.30787507682
18,0.8349302367992991,0,265.34147194829745,496.27166282630634,1,983.558026981486
2,0.9844021807035521,0,296.8026326420928,402.6920668274272,0,828.3832788285764
22,0.5256901823026858,1,157.68108756374914,276.9175221804541,1,695.1036261038325
3,0.1716792858483035,0,292.2270970815186,382.95880001317107,1,527.3276030169073
16,0.27230732651936895,1,177.8963789804841,255.6921886767154,0,502.56820537878514
29,0.018390676547466733,1,177.10238094738446,191.5501849933996,0,304.51962182706933
9,0.914298806560499,0,168.07742085090115,338.74075075510376,0,663.4587569889927
4,0.11775108289014113,0,208.28152146951703,471.2728392455806,0,546.7938785504108
1,0.5765164755142536,0,130.82900863569742,471.6558080061851,1,806.4560529573081
4,0.274055220687206,0,210.74229707160225,236.7621112421961,1,371.92223359620516
1,0.5541780025157934,1,208.3409624820008,311.070986488678,0,745.8236228805864
14,0.6514203883518642,1,252.380362520974,184.65435942794448,1,529.8509971881385
21,0.8297418037072016,1,266.7299923875171,498.25244379955336,1,1439.9829870677256
16,0.2064212717606032,0,188.0882700624848,492.4471631471743,1,659.7075598451637
20,0.010995828658480478,0,160.46664987029874,359.80357188297893,0,375.8065752971433
24,0.13688563006880727,0,151.8669794634189,421.7656238709894,1,539.8859749822752
8,0.9000186418481051,1,138.92476734097437,386.04006451348,0,1112.5174553478832
7,0.8738900775625152,0,111.52951643980498,337.26328761578725,0,641.747279833317
3,0.5974131021703083,1,168.48959576694267,121.33919879555907,1,356.99219852100487
17,0.6005168604336534,0,154.04953842615666,281.9057370210644,1,513.1998389978048
1,0.6650366745462555,1,293.2834771732815,369.9145208669642,0,953.0102132533805
16,0.1753712786234496,1,211.54176525000878,371.0126455534739,1,722.0705879094837
12,0.9144119459249598,0,169.4554078061015,249.24904736895343,1,541.7108945741508
27,0.4187705248920731,0,216.0935201987392,476.6767946632122,0,692.5043381880705
19,0.38313852824949746,1,127.8393402691391,166.9428128947124,0,355.3414888204495
22,0.5189177052828375,1,188.80874984044058,300.1437784862243,0,698.3214238938683
23,0.046965966775055046,0,225.24686428421276,376.3535906203291,0,411.9540872814974
22,0.1662833687560794,0,197.77956635849029,378.8543223567237,1,507.2294519818504
14,0.7380336164263704,1,180.35576013086484,359.4555827075262,1,1002.3544055498018
30,0.08279866792512647,0,298.7696777799396,210.11528538074407,0,251.38951889897146
6,0.6031521094663882,1,276.0629524297854,162.48262747464878,0,417.13284572441523
6,0.24534910968132095,1,224.68119163188803,354.37613073068434,0,683.2511175098425
13,0.38929561404197655,0,213.87547223645657,339.72084645577513,1,540.7602292032818
19,0.28869373677069987,0,224.1320959649168,171.7424041156964,0,239.9365701183321
22,0.35567271646494913,0,140.26242156448666,382.05565822822535,1,577.5686741875112
8,0.7190459051842455,0,179.02754865286371,282.06879669346256,0,501.19196480143063
27,0.297121715623175,0,107.89190657817986,367.1042366412612,0,481.5680679024668
27,0.5664046402968972,1,195.10920749736533,434.9468319080603,0,1036.065024424567
2,0.47605040219909966,1,208.60491679153262,167.89137143076925,1,442.18468116837136
21,0.6636711653626481,0,145.5499472206419,107.65794719873467,1,239.46241719873356
30,0.936829739324758,0,292.80576943310274,411.6410345583147,1,870.5591746022646
1,0.7325720972102503,0,281.8909221874484,343.8789700610464,0,623.7842005639128
28,0.21494037859075676,1,244.42864709118118,379.85582784884866,1,761.0961396539964
15,0.031183135061284672,0,206.67732575307252,435.26198999545704,1,516.5025559918363
1,0.2622640442998251,0,273.993831929537,421.1243739298002,0,558.7695385828151
5,0.5950779307002548,1,126.13046876469258,484.3680587715299,0,1170.5202482003563
28,0.05142581348425035,1,258.101958854977,314.3740315408473,1,566.0216536622357
29,0.49636624720123634,0,124.96416279336967,295.39825306396216,1,498.7203916464592
16,0.5968428489168892,0,258.8421325098811,260.75487995629203,1,489.068778629375
19,0.3342438908169608,0,155.1535136502714,161.4764171376818,1,277.1642744419903
4,0.7709122037458219,1,275.4181162036378,329.042893152809,0,900.8009241805768
3,0.1065982531337718,0,288.8084187650796,210.80500973039153,0,261.557297396007
17,0.07513778173580876,0,129.75919388102312,468.5230048851902,0,513.3027035525612
17,0.7281887562036033,0,192.5351210130787,333.27632171083906,1,641.8179039908748
12,0.49549131620619846,1,296.197475632537,337.13607220324405,1,833.4958501029797
28,0.688402396427736,1,196.6814871946293,241.96986435080402,0,626.8818969692504
30,0.4348273386037462,0,272.709504502909,120.79574079108299,0,194.5919817242285
29,0.2464020332391068,0,217.74630442626398,112.69750614919545,1,206.44103124796035
14,0.8191023176741997,1,175.06598158392038,269.33405766127896,1,799.6259109387358
21,0.7994158789689793,1,157.15671110517405,133.82615123889514,0,372.72902345137544
6,0.6946964708544268,1,140.64461821721744,342.73878221605565,0,884.1217687914619
3,0.2721451372299627,1,252.35963827553945,452.389202255863,0,887.8930495052612
28,0.5902306668690871,1,177.3081013646056,453.16592660748887,1,1143.088340643523
9,0.3609738969400268,1,202.25509244015024,363.61816405289295,1,810.7377538378805
5,0.09158207332663415,1,198.46509600023637,184.49273258917242,1,370.9299489301013
24,0.9173135754622428,1,215.45580584662625,445.19873254354883,1,1347.1239411111583
29,0.1368186309189614,1,273.1154291249104,454.43737412528327,1,846.4308531497596
17,0.9502373538208024,0,296.1478687166859,178.66143398118348,1,424.64698910896186
14,0.44600577295795574,0,181.5168417147634,394.9704343082709,0,586.4812123289471
21,0.18513292883861965,0,265.5037844212606,214.6078195708492,0,276.6891722017966
3,0.5419009473783581,1,252.90555893094353,421.05612494117184,1,1048.530812812474
28,0.8729458358764083,0,214.70579029111465,498.8951599614411,0,950.2741914177872
1,0.7322248864095612,1,291.20942872238663,112.01040213175713,1,369.9617520362971
20,0.8065611478614497,1,140.09490310568054,458.94634631637274,0,1253.681447622755
29,0.6587833667107174,0,121.85284206192428,349.05221343946323,1,635.3872899731333
21,0.6922765645178525,1,270.79239339108443,489.35304766592844,0,1265.0602808497658
23,0.8491956515653193,0,187.82996332674966,286.00380701057105,0,543.0599925877498
1,0.24966800885918594,0,269.3937708414121,438.9551722285495,1,625.2876131414338
3,0.4894249636431405,0,278.618041039083,124.9576274393109,1,263.37681380963704
18,0.22120944181960223,1,112.4915187238143,234.1116200313183,0,436.4981331052749
25,0.987668007996647,0,276.6929525972121,126.80661510048398,0,274.71874729729774
10,0.9440593396866133,1,189.66381107388443,490.13725339162824,1,1496.250238883897
22,0.0394268113685059,0,202.08649780084644,426.7895629087347,0,459.42516427966916
26,0.7055751725156885,0,225.31850221864204,441.0189684983882,1,819.5228535011936
3,0.9252483174156658,0,285.2765213460174,475.1860925735577,1,992.7788773211685
8,0.18057534512733353,1,103.82321888595281,134.04139444791414,0,246.1512701561382
14,0.5679452305526295,1,195.36869366356342,254.23903700533336,1,664.6861976055652
24,0.9154882975880418,1,237.54440848611213,128.41395561760083,0,387.9175846973681
18,0.03394597858579884,0,244.5413915396457,184.31724062001143,0,211.42820887705642
15,0.6974202672468399,0,238.5064863074216,191.74631081506894,1,396.3247227780521
22,0.29734900737255077,1,126.88702588162437,287.6428844190315,0,568.0485184563742
23,0.9243961953765304,1,159.87911767433624,207.42486698145703,1,660.1393490358317
2,0.9710582451653678,1,171.7431050834027,140.39124272710444,1,481.8532852977478
27,0.9442664891134339,1,260.88744153590096,166.9964356376431,1,557.717104571077
10,0.47421421665746377,1,155.7519744829106,158.91022542083635,0,364.97676767974997
2,0.8620426509893134,1,142.14099277344064,489.2307191649193,1,1430.2667971662258
26,0.8445493985350704,0,291.48960380761923,403.71700276738943,0,768.6249150137314
17,0.31910047324325563,1,101.77265702269378,487.1045861078248,1,1020.5871007829571
8,0.8289154741506773,0,299.56417113639566,275.8961946031634,1,582.9472366826516
1,0.03700763471549262,0,235.3642597714791,211.34739266506264,1,292.505285748031
9,0.596269878482053,1,265.69385988982344,419.31727888367465,0,1028.784698702585
11,0.23000883728770305,1,158.92387926923863,230.5015672164587,0,438.9708349542884
22,0.12056688577727881,0,102.863055533412,219.7533494821393,1,302.13463202166804
16,0.07695320162920916,1,247.57390371230602,193.00239688313246,1,383.3392142393318
7,0.6962887758781398,1,266.8289194001352,151.87159128969415,0,411.71000545920424
29,0.33987496376806614,0,248.09522639070383,202.5852244067064,0,290.4483928509517
10,0.7247667715287615,0,128.57005746016773,242.12789938955507,0,428.4711610731805
23,0.06535634079894237,0,250.68558445139382,369.59768325829214,1,464.22179384896
26,0.31529033783061033,1,253.7845564215282,125.02593688778063,0,266.8465657922291
3,0.5394912923753372,0,231.70810313401097,184.2027758661372,1,356.1493797906852
18,0.7907231648389635,1,253.22318655911724,423.6094561166706,0,1159.5732175253463
25,0.3187525029320699,0,269.1842879355464,158.7687694335083,1,281.29514087143843
24,0.6258913764370091,0,222.7208228474917,237.0580586090086,1,452.90273549203533
13,0.8859777482361871,0,117.72094279393582,445.86356874325605,1,900.0608636783502
28,0.6158631881823046,1,197.5255619334422,161.97012445737707,0,406.7348987373171
26,0.23295947475363377,1,115.529866934321,133.09473424727597,0,252.50360713842593
7,0.02440078155653802,0,181.50860620648615,293.81519803200433,0,317.73537911782284
25,0.8700988739009299,0,181.42129782512552,220.96780451141456,1,476.3737721676697
4,0.021269410850387138,0,113.20196882804831,325.3633457935416,1,392.8038293536859
13,0.8747016726841994,1,169.76410679389585,421.52195619339005,0,1199.7182852026858
20,0.528937134027212,0,122.19961975826297,154.85939526109726,1,294.99024194351557
1,0.9390676985128962,1,261.6470420018444,332.279633821714,1,1042.4337614262527
8,0.7987832357736654,0,289.53760519289415,302.20350415594555,1,620.9523575870614
14,0.9979341105333375,0,114.46329505158772,157.63151440527983,0,323.5837090304945
16,0.35071181545171015,0,291.0230414583403,349.599394211593,1,548.1103365821929
14,0.7671882889311269,0,204.51531986734904,209.45616714430867,0,387.8000176085579
12,0.40193091360924216,0,159.91313559077477,295.133727417605,0,427.3484096745415
19,0.47987562030390885,0,115.37241505523271,132.90892971082474,0,204.42592630525866
23,0.6275054632183701,1,200.12485361408358,283.83362288544924,0,708.3236431981053
15,0.8736771141863388,0,258.90310889814975,222.58538721712813,0,439.94345687085246
28,0.9840834691992951,1,241.41729545333962,428.9524844741417,1,1345.1580298210017
2,0.7682734138645182,0,110.04520229279476,122.79149079894731,0,227.7334488578476
2,0.41776678216733376,0,114.5803670735807,267.44290996733196,0,390.2297105852103
23,0.4213570022770702,1,180.5746565265274,283.3725696525752,0,617.6178448460544
22,0.7375823015888915,0,159.05809880958867,390.0024305196475,1,739.1671307285496
19,0.23877714576830233,1,146.47686461120958,329.7150300360844,1,673.5128521986371
25,0.11047411313139466,1,156.20089978174272,366.88493487767244,1,671.7444239975034
26,0.35462215764077654,0,260.69654865937696,410.8197142607024,1,627.3751425991376
30,0.28723899165408173,1,285.84561072637075,444.8811894632755,0,881.5871816685001
29,0.2963081204559901,1,181.0205389055133,225.5501986889882,0,450.8758850870474
22,0.23360775104990994,0,281.2222004264994,315.2090821455612,1,462.566586978742
26,0.04209318963636188,1,164.2991402495764,436.04323137567997,1,742.8264367304002
26,0.01787393473341381,0,195.28739726875833,495.7804523860226,1,568.9707395609486
22,0.9877223897360315,0,145.20579956319995,455.80772441750526,1,966.1397991956261
17,0.42777313373586234,0,228.0952084351688,248.58690504975073,0,374.3352252720988
20,0.3843266471596817,0,295.79622303496177,178.06660688746018,1,322.081971187115
10,0.6796472826930698,1,220.69861920867572,295.7570149626355,1,815.221061699974
6,0.21825388786506417,0,171.56281682270978,396.6565807344169,1,549.184703309237
15,0.9499611839502253,0,229.56348919810569,297.02762830131906,1,649.1486946681781
22,0.786345014415552,1,124.58413569307751,293.2723453254674,1,843.886801476465
11,0.08941100231225951,0,277.73181605307974,435.29216843272025,1,549.7852591162746
28,0.41758077578492836,0,200.61679015596727,244.56151162687453,1,411.1473763947563
5,0.8791183075621647,1,189.8699484079284,443.91786992465825,0,1269.2482894849304
1,0.9447320222914103,1,217.17295769070384,262.7219203806894,0,787.9028930524017
8,0.4674015112498697,1,224.9567725578805,231.29324227133577,0,529.9957571320485
21,0.6134113892107077,1,114.35516124530261,281.5959644798796,0,688.7307204959478
28,0.16703394609207523,1,236.5234442446805,404.97878346994736,0,726.9883260592193
12,0.9911686261369765,1,148.38633606310592,150.40081114559771,0,461.64869835431057
12,0.2316717013834434,1,242.79052650131797,178.56768634880694,1,401.784201736142
5,0.9427317741351257,0,264.50695887683935,480.5779302652368,1,1009.084710962054
7,0.6496466489923685,1,260.791701510504,170.19665095254294,0,445.8256725214298
4,0.6077367948788591,1,210.5001934815778,327.09092717242186,1,859.0641976773736
6,0.5126885110165086,1,204.03397846215023,331.7257866647751,0,771.9000772897929
13,0.2306698117177587,0,128.57519226788236,295.8497848200979,1,424.3509182080775
20,0.17652803200550826,0,255.0692300806271,357.8980994307274,1,492.58406958980817
30,0.22048620907017535,1,154.28187608934286,191.93069031904736,1,410.8013285565082
15,0.18643826214425452,1,199.33908456358932,321.0649071106993,1,638.319444098246
3,0.7795844735667533,1,156.85481858550332,248.86930209875885,1,729.4114008020679
23,0.3501252591667301,0,126.76567259993863,364.6669038516756,1,550.4225653322665
8,0.05784267656339637,0,225.9115393783473,156.48941734925978,0,186.53233804042208
20,0.9691026301408113,1,110.86640696458076,328.3509667357905,0,976.9217690095429
16,0.8837858849634257,0,249.72904682524,174.10814215332948,1,399.7553653281717
13,0.927752283195213,1,163.51735905222333,211.45722524601456,0,625.2074590544157
18,0.9949078226464353,0,100.02693860089707,187.48392012943327,1,430.41583274671564
28,0.1738952492194873,0,202.22582784744594,173.13511194752684,0,217.86506817303044
10,0.39624201890265875,1,109.37038170552063,430.2843806242668,1,960.1087366282115
30,0.7582384757040913,1,155.2339115641799,214.28302706435613,0,574.6643854687561
19,0.6960206180537922,1,241.39529749114322,470.84951274577975,1,1268.1952521752507
17,0.15389590633985506,1,112.53792432437317,487.9706101380763,0,852.4547266111688
24,0.8158331249906178,0,267.86769847120047,328.50418797483894,1,668.4955560699772
19,0.22444057183666066,0,100.76398453171662,157.20044906629056,0,198.75900620088032
28,0.22381761482262308,0,149.36477384038045,249.81929735183252,1,365.06973400582126
26,0.5369744228934136,1,248.1808112304143,419.0929053392856,1,1035.8206956069002
23,0.5929399348417032,0,163.25402994586136,246.95629147882818,1,455.1119418516193
26,0.5800862078378112,1,120.3784776132027,134.80688732111548,0,326.347602827781
5,0.09148683739775487,0,172.0467837600856,322.7139643712752,0,368.4427227317035
26,0.8774608626303804,1,154.07865727690512,438.0483405984139,0,1243.8357888482476
21,0.26560004258870606,1,268.542380432111,418.370554857401,1,866.8889261112918
30,0.12951492128280417,0,162.66958351702863,170.0492560521413,0,202.34013041563665
23,0.8887480798689772,1,257.78649435520146,369.10584576498667,1,1116.9005856210704
9,0.9556514982297534,1,278.3744289621469,188.20170537425884,0,578.1228635230607
12,0.8621276172654506,0,186.76348391530593,187.2830138208689,0,365.0212206720777
21,0.8095160747248781,1,281.9886287708784,449.6287093220741,0,1244.4144286412268
1,0.6552419806390217,1,175.46361079263858,199.86758109609207,0,513.5901772778024
26,0.5508573706091393,1,292.81568329802167,205.2989386072045,1,551.6656265056266
26,0.08698675991141014,0,117.8579049051146,100.26135630451982,0,115.5685573242849
1,0.4084532130706987,0,237.40385330064854,448.26761365020707,0,654.9043460912335
15,0.372688517012314,1,198.76280809138575,417.03792528365386,1,925.5710376024051
2,0.2597537837603262,0,177.52976109112942,350.9315740362712,1,509.44035434227266
30,0.7234201136885849,1,226.54237574972018,400.1063055755369,0,1050.9811195387392
22,0.4958757350787708,1,240.77141832686624,160.81942696979672,0,380.5259596327737
16,0.08104621590764793,1,100.87265393006182,283.32943783503015,1,516.325590333207
25,0.22018320194981134,1,133.39061774943974,240.48775493951234,1,498.4977400526676
8,0.6832587636595959,1,242.60921012686373,137.5106105028066,1,419.85983135023207
13,0.07613085949030018,0,233.27708271564128,294.4521940859696,0,337.59680097210327
21,0.8512069140487687,1,293.20950102573545,468.29586013705415,0,1325.489751261768
1,0.4951465270139743,0,252.2075580501566,116.02364762027779,0,198.49310959596718
16,0.480586577326648,0,290.15454154626764,216.58436539751756,1,396.4873584210014
29,0.5924077846595176,1,240.50810030696138,183.01637448228138,1,505.4058591993156
7,0.8246809659251492,1,159.61044172788863,195.2586614662785,1,598.9881886871001
5,0.34780920790219305,0,121.07298445017129,463.3738207517501,0,635.6468007550462
22,0.6780161525590636,0,256.36477266898714,287.22762169371606,1,553.2090659300784
29,0.5657319639957911,0,228.8298442951832,286.51976517592755,0,465.69613908203627
23,0.2670282701694213,1,109.63720247865925,404.2302569821129,1,824.6204651291466
3,0.878629986355158,0,172.01009318019567,161.7968816019703,0,320.55748279423614
12,0.7974260216069281,1,291.3599630968572,294.90614164002034,0,821.8439556828922
26,0.6584518346584255,1,200.08022914204025,271.9940856484239,1,741.4416584540082
16,0.8505817290942419,1,186.54582720394092,338.7642762186624,0,955.8210527805315
19,0.8672942009598024,0,191.5399210318588,499.82308130017543,1,998.6707333208633
5,0.7083629767150348,1,141.77654480103274,407.7795576328188,0,1058.130902861817
22,0.837013328363672,1,173.74143417295903,259.1462812069709,1,777.0569022769247
25,0.6974714616692836,1,173.96265119743532,431.02122090961876,1,1159.865597921638
29,0.6801407717603004,1,110.47100403749448,168.28334532499207,0,429.3566649368554
14,0.6186113782151843,1,253.51352570358364,112.18547452358405,1,344.92838087187255
28,0.7527166395576412,0,183.3008863807758,181.77934898570922,0,331.33777833328554
5,0.1586051052930737,1,264.4359773632847,236.16462244570386,1,485.87590361913396
15,0.8808707591989284,1,270.0696002239791,304.23230298382396,1,932.3394240514331
17,0.871843527745232,0,142.39881093973162,346.05165621647996,1,708.5944340483093
30,0.029247283034559146,1,231.4706964340257,464.2422868857687,1,783.8772383137942
14,0.8258167505647627,0,194.45636083259635,303.9416038201831,0,571.5873075316688
30,0.1288698674734452,1,276.031347584297,300.51025785029174,1,580.4585971892342
20,0.3351188542591419,0,143.14813583529082,120.09720392919286,1,220.65885489319956
5,0.7435082562916078,0,235.56264006200885,113.96462106248953,0,221.25452175379584
12,0.1607598960483082,1,221.5504244505445,320.46398476654883,0,577.7276549123233
16,0.8179670241190622,1,159.06029551436654,275.2714452993378,0,763.3576449051221
26,0.8321341779577419,1,127.32018073023453,435.6721579921194,0,1204.846794635974
26,0.5074677337608362,0,230.32795209545532,164.27183388473807,0,265.4672843565082
16,0.00638587171683358,0,247.71949162646615,109.98866484681984,0,132.26298751348406
21,0.2870381331749128,0,163.12546875267,279.61550717205034,1,421.9883672327391
7,0.6169269183757422,1,228.96652080446276,194.991422700903,0,494.42697240665564
4,0.9811861780274235,0,179.02618152230065,119.84574933553498,1,304.53936023113124
1,0.6318135270166684,0,242.64137665652353,389.8393147390516,0,660.2092048197451
30,0.2598035810641598,1,139.8430549788106,144.637199982899,1,331.30599923820483
30,0.6340057030996114,0,278.0430005272349,343.3278000031087,1,632.8038832904459
5,0.5399853797158555,0,157.48191929311594,212.41990006675564,1,391.87173239281833
23,0.7798453951511436,1,173.5571975512306,169.3984201420088,0,465.01021680857275
26,0.10698063882695841,0,111.61839041606996,251.900609167727,0,284.81093629899743
10,0.761027902502028,1,122.30244246425528,420.5783104891815,0,1121.2054541843406
22,0.5412665786761103,1,203.17238054246562,256.83743076182907,0,609.6996603336166
5,0.9629920038589946,1,153.5185353455943,400.3078596844223,1,1243.0535449982035
4,0.3418721660386861,1,267.09604514843886,150.19451871966027,0,328.22237075707665
2,0.6326218931339481,1,102.93867773099078,409.10856786603165,1,1061.7732746232373
20,0.9320281055100175,0,175.81880973438723,194.77332996265946,1,439.8894286650732
10,0.10250972799067926,0,167.46910935381854,370.9572519555491,0,423.73088988506413
26,0.9372284872364511,1,103.8655261835202,326.3126219363985,0,953.3997130583659
19,0.6878857223008134,1,124.87367980010205,471.65788688467495,0,1202.8442876048327
26,0.0678370591051719,0,182.72853498372706,254.92900719012562,1,335.29549481687764
1,0.30096356694681625,1,198.5729168894893,126.46607553377618,0,266.4489267752294
24,0.7081720886452816,1,180.85794945097382,107.66219422050116,1,339.14412769974854
5,0.0673506014687717,1,206.18753568241877,430.7434243891012,0,709.2501332188803
13,0.5821704601762733,0,219.0263349811363,309.89425506457286,1,559.6081696396122
4,0.34588305695295674,0,101.98476422556712,410.0976207339797,0,561.3419158651396
16,0.6209155177674771,1,192.81903189070078,193.77024000460588,0,487.2096865465611
24,0.04574203381251285,1,292.69984817751765,238.03349820529348,1,447.8524366108179
16,0.8715368061523763,0,203.80645602590974,112.04154888452757,0,226.87052815830504
23,0.9734889691773969,0,235.50845349179065,484.59692982964486,0,975.2975408652163
2,0.9688778552856915,1,162.37277158337665,367.1471626803254,0,1100.1391545067368
17,0.7496518317429247,1,254.7982756305525,473.2820351037225,0,1264.1979970384261
28,0.13008624013063197,0,254.584296375223,206.19856297162892,0,252.88058838646978
27,0.7582631959290226,0,204.25920953082777,344.5854444902643,0,620.8978258531578
20,0.02458691645880151,0,295.2027646558427,371.39998731705515,0,406.0518442436038
24,0.022123551528997254,1,125.11004295253068,227.01988010303538,1,405.77455347315555
12,0.32361021914954125,0,103.3895329779162,439.24369400625204,1,639.3263953814609
18,0.48864319040466575,1,254.0316423514192,478.8645851600991,0,1091.0909199719472
3,0.7704074178077932,0,261.4311074729765,453.94204707840174,0,829.2054781497546
28,0.6832953766065052,0,124.04144582411524,395.626790375749,0,672.7608916835809
1,0.44590270637674834,0,153.1165665917212,210.9858718899816,1,370.1766998321545
1,0.2736266662816659,0,103.51047267332578,212.64641684225268,1,330.9831942468724
29,0.9971245001577111,1,158.66172215611294,485.3441281784152,0,1464.0051463048076
19,0.42618130223597295,1,254.6283747837343,104.11379837427681,1,294.39056629761285
11,0.4513870243296755,0,203.59210554251578,386.4199892968578,0,579.0041689613231
5,0.16362382119166918,1,169.61911863365762,382.4984650221049,0,683.5884000668203
12,0.7948095487499294,0,174.34785898126606,349.075816379919,0,641.5593943744823
3,0.6936822257814886,0,100.27072514309363,496.0435384347463,0,849.5671967749959
1,0.2207696127887604,0,159.96010551304718,224.75177430549007,1,340.1661470438047
1,0.0823810456158427,0,229.2917483275861,235.98874551729926,1,328.158919959344
8,0.6804993020747131,1,294.8388887632714,131.57576117862223,0,359.5533511222628
10,0.6545112142811352,0,269.41216539677987,277.119254617495,1,533.4381309975529
11,0.2732595269982093,0,104.71899292910582,204.41941049393924,1,318.55086120767646
12,0.9508635622504104,1,279.71212093496786,237.3546808710577,0,720.1411094548781
29,0.15105789178090023,0,256.63968265972517,433.82871610225106,1,569.2259356166443
13,0.4323348010426019,0,256.0752247141961,474.19380541099827,0,702.2118124004162
12,0.9436159201675989,0,191.5991518007143,174.29322880207425,0,355.51900945719683
14,0.4197273169261223,1,179.60105859090055,249.00357262138635,0,545.4358669532595
2,0.6385259476640855,0,160.58314576663852,471.4522248461576,0,788.1450180710558
29,0.3975943979627943,1,113.13897179087316,124.72338427568906,1,316.9829519170831
19,0.27421520234867003,0,145.6470726987398,136.9442112445514,0,185.26110311132908
18,0.9839776479598282,0,149.32072699560493,165.11639568249174,1,388.91931104531477
3,0.409334006315043,1,196.81541394204032,338.08513365074987,0,733.7938552195561
23,0.8940992036791344,0,249.4888813193388,160.188908402399,0,323.7625719751476
17,0.22995460589108618,0,194.7619656795893,487.2305525802934,1,665.3476588449499
26,0.2131047040250833,1,111.56888988943211,278.68581090340814,0,513.0694912168972
8,0.03113408288451136,1,291.5579601976408,300.6071841400666,1,542.5052657099086
29,0.651666825375885,1,288.5448638188225,198.6634463221626,1,565.2432219396205
26,0.36852634372376114,1,257.0379086296817,288.3841009738934,0,612.4956498037675
10,0.864358249839637,1,298.2655803128441,364.7654530548046,0,1047.9067805201112
26,0.47320990669155716,0,208.8964665600526,400.4708547816171,0,605.6672772615195
30,0.9681934279147217,1,292.55367005064124,401.5472330839652,0,1208.7393047348658
2,0.18552551570312115,0,115.12100812335015,331.15644507763534,0,403.70651614141104
19,0.8686231679556108,0,173.13614965227427,461.7439099975429,0,876.3389828490465
9,0.7765968527917417,0,145.07625360135316,426.96313892244376,1,821.2489942278321
7,0.770921844644052,1,139.166616826854,402.8192458794502,1,1132.558764639128
4,0.8447832281168877,1,128.1605897785352,122.24220867218425,0,350.2816234674689
26,0.7610239909429989,0,224.48272831319935,102.75118488785972,1,248.19557451666066
21,0.6262203216314154,1,256.264371149461,184.9789108781892,1,522.6511330299827
18,0.13124487768238757,1,215.65967988407215,365.4094375653809,0,638.0172997423663
13,0.032526179491251916,1,129.39254191764195,264.4789955530183,0,419.9614844428269
11,0.9208478478156868,1,262.22475398669417,260.9625037197247,1,825.9263708446089
29,0.616650314520738,0,227.19094143274572,453.8347552918455,0,750.6111940262788
24,0.7965372909761763,0,177.6331412253991,458.2251392527355,1,886.1818644528306
4,0.4815223515125501,1,234.8260591072126,463.6701056214343,0,1053.089043720231
25,0.11730818896239448,0,151.98099584856658,225.5512306060109,1,312.20833657149814
21,0.12518579220255044,1,169.03844169884212,376.4223250957047,1,698.0214222681889
29,0.6855652872289714,1,283.49716862639804,208.65327250974786,1,600.0977866763767
25,0.4303058948994627,0,158.10090113428407,176.2439332297799,1,312.8928267522499
4,0.20052472670033672,0,193.99765363158733,173.8529829389477,0,227.3145701919772
10,0.4915945467414369,0,278.02822747920294,236.8430483454376,0,379.0766220935935
5,0.06420893707513409,1,241.5442700535055,271.9830479119287,1,507.3246124865639
9,0.5819714019143988,0,112.44064523294055,432.37966842202735,1,743.4563347361716
24,0.26899340443509767,1,129.46060885579408,147.95643738908484,0,289.7796756712741
3,0.7975591006371882,0,101.56831815438336,393.97033895795767,0,717.7417999904328
17,0.31036195892357377,0,226.18435804583268,312.58196567572213,1,478.81395267160383
3,0.4552201490818012,1,189.53468508208368,215.17813707039699,1,538.0508095682994
16,0.011620539908100636,1,126.8549701804551,297.1278338131298,1,510.3564265136897
4,0.07244688779455888,1,291.5868242113541,219.97682791080905,1,432.2288791409351
18,0.3924935564066848,1,205.93194478912397,338.4327820953224,1,773.8913969956985
17,0.4799388347171235,1,148.37865882257785,273.5375691420977,0,618.6661728735238
7,0.6000205481193037,1,200.12071423094153,165.7622116315515,1,466.4464884913687
24,0.29166257870930323,1,235.92406654702157,146.63322982227868,0,302.89339028977975
23,0.6949818861265425,1,115.24784359471289,318.6782728288521,0,817.1556342799661
30,0.8601223971892046,0,154.9407630095784,460.96521331444137,0,866.9457939122497
5,0.7798509888933498,1,261.39309817679873,237.58307462307422,1,709.4330152859817
12,0.039618825348357145,1,191.93297408053223,393.20004288904926,0,629.9605474809088
17,0.48050694725782894,0,209.31542840645898,363.4645419759068,0,555.6433223178607
23,0.10493017841817487,1,186.56320044189385,472.6219657237924,0,797.3777294114971
13,0.24204501586252747,0,108.77998852860102,428.39240691965637,0,540.3606527007709
23,0.9866625932671464,0,133.1499559640312,326.6421035621852,1,707.6426441294898
25,0.14249554290151323,1,189.10832774837817,362.81219929364295,1,685.6778136797617
3,0.49888815345135606,0,141.83709308158558,459.35458663361396,0,702.1048574468272
9,0.6181557343181191,1,109.99580573193575,259.8075138347739,0,639.8131080692037
30,0.702464970544104,0,268.72993281036474,230.71788234311094,1,463.6621060482989
17,0.5596486834869141,0,296.2385058328232,104.32443345407853,1,238.93331587545407
17,0.00977084741918366,0,258.6285747993479,430.6204296765857,1,507.29081367047377
30,0.3264613082439919,1,270.7569843409334,420.392280161346,0,857.5268393118338
20,0.5177116433847114,1,148.39542606340908,141.78180724006054,1,383.61539210889094
16,0.08786649914483335,0,292.1253951026399,330.7429524530801,0,385.81671731222235
25,0.35062693120918076,0,139.38514089068568,285.59267926675494,0,394.66767806293365
22,0.033203108791366565,1,290.2859620723665,147.4836382036446,1,303.19942643903676
13,0.07857849715502074,1,298.9638587931902,492.2272908242894,0,823.6550432732432
27,0.39692327620159606,0,242.34456114920974,185.87835498534218,1,328.4922567360084
19,0.13271575404306035,0,296.2287463583644,126.89367203622446,0,169.55733603964123
17,0.5675408482615582,1,213.90795591342072,337.93895180076385,1,862.5904623409289
4,0.6894649691372657,1,151.90835663521807,395.5466708532131,0,1016.7842017615795
12,0.8005866991090829,1,187.39917713312417,112.97737841887479,0,321.47826503517166
29,0.2001502442448101,1,218.71218707575719,363.48705549080887,1,720.4298363482574
9,0.16748258225906976,1,114.616312405403,312.9167503805818,1,607.648914890198
19,0.10456784033440025,0,224.4686529234492,141.30600355001937,1,224.7289324598749
12,0.6364302495436367,1,296.23556735245893,169.00955077854482,1,492.08206876893394
9,0.7064757264869012,0,138.02152995674552,327.1897189264322,0,570.3434662997029
7,0.03158614482564204,1,258.5190232576766,218.54304540531535,1,412.62086885795446
28,0.9362122462436898,0,281.5797587559239,475.3262914605264,1,992.8905623630609
14,0.05197128365147241,1,288.7403185640442,427.49609179362034,0,700.6444505165882
20,0.5412963353010705,1,292.02712088108944,493.4268826054652,1,1215.9782809363614
19,0.7090605194509164,0,204.29192774429438,203.8683355801656,1,415.052516280661
26,0.8709691237460856,0,295.46158159830077,487.8894531191908,0,937.1722607471993
15,0.7140869321324278,1,251.46204142688777,272.49354791662313,1,772.7626485041166
16,0.8017280830697918,1,132.33428724739238,239.00751812550186,1,705.9732649320326
21,0.33945019254280606,1,195.38002129359398,120.1398107877413,1,306.71994116690394
5,0.8148251137465122,1,243.6662350744008,121.10610314384104,1,403.04621962756727
3,0.08011484638467514,1,149.46806316381668,376.8045023786619,1,674.8350121220551
12,0.8948166560605276,0,228.12303670977747,283.17159777361115,1,606.9705636556884
25,0.5475923761537362,0,233.32009580932385,190.60865041444228,0,313.316503791276
20,0.8172977699624937,1,132.53994876171316,345.5881225300931,1,1001.308781475366
27,0.45231828451830014,0,213.01706249055127,201.14324730004446,0,308.02572211029593
21,0.643577695196525,0,254.32538219572155,331.05270173776904,0,565.3433747303171
4,0.5264026609361132,0,199.7791329071884,243.68349879307613,0,391.1370542746924
21,0.7315895217553319,1,102.42062335522148,429.4208906447276,0,1121.413134330401
23,0.08162998203058958,0,101.80769381585844,428.2784643067117,1,518.819597033743
16,0.0603520839905638,1,171.40586879400243,290.9401592489605,1,526.689093143673
25,0.24710323401014644,0,285.23881368635637,240.32764373400624,1,373.2372630913531
7,0.15954468011318834,1,145.73535592072176,245.02391862363783,0,439.34780760286117
13,0.8717835665922017,0,226.87273777433742,422.28581026728716,1,860.5149138408144
21,0.21921398735804432,1,144.4151741386641,231.2717931190448,1,483.19622499203933
10,0.9758652558191313,1,164.33399793190972,183.6237494827384,1,608.6570799124595
26,0.33689579177110685,0,269.6084179202968,133.87533675012273,0,200.73821611520856
7,0.18211791568869928,1,245.77228845398938,286.6772483537634,0,531.5066957943826
14,0.7896985071424791,1,119.07985546264213,292.8528395679367,1,845.2854202270228
26,0.6587077755008761,1,185.74040419728672,436.3634841611629,0,1099.07329660389
5,0.498195716453139,1,105.8339527290529,188.4954785784256,0,433.18807313837783
3,0.5553635509376312,1,196.1780293206018,252.39650946735998,1,657.8702997461849
23,0.7192017782722638,1,232.48680234021361,423.3622955574764,0,1110.4164972977833
29,0.22845474133129873,1,123.70052471963031,429.4494442995894,0,797.9088614898463
11,0.9963339160567419,1,157.77698778183313,253.84443039150727,1,823.7150674671894
11,0.9747931621467831,0,179.5673251004314,283.6496093146724,0,575.9060414302646
18,0.6503256863469369,0,283.9062049312099,221.31435633971319,0,390.0313875178887
15,0.19954245092914513,1,298.65100308459284,473.0219513677248,0,877.9799666388507
12,0.6802282424312913,1,108.98225979912317,147.45750629663212,0,380.14162593704924
9,0.07219840897917584,0,252.2015846990784,473.499769200588,0,531.1058576587852
10,0.030652502205806065,0,174.34481328046866,373.5465807341373,0,400.4311994521087
26,0.2576828885112137,0,178.49163724589602,312.6288610746925,0,405.83713275297987
12,0.4626229567393163,1,250.85299466940455,113.06362431379836,0,270.73947820720696
17,0.8682725054083805,0,283.68528642908177,290.23847672880333,1,617.2130947269416
29,0.727169069766308,1,290.18571890050964,263.0992420010929,1,754.8438814849235
6,0.742706521199981,1,215.42451720766417,164.487524790049,1,500.3226748822593
7,0.42549333444807536,0,171.42423186010058,362.5638414002628,1,582.5747624139739
14,0.3459349925469629,1,257.50981717175586,488.4603629473143,0,1009.1048241616461
13,0.3710387629846027,1,150.20027665246005,324.87552442581006,1,730.5454333643511
8,0.9876495637360578,1,212.81480576670356,385.90131057757833,1,1220.2363379987153
10,0.04010919141248248,1,171.71569230497465,127.38018102640672,0,213.90551486452475
9,0.8670314961224486,0,231.32621474157523,267.0667983267979,0,519.9547455188712
18,0.5786754085723934,0,148.07978257870138,146.54339406579834,0,242.55243075827957
27,0.43861541918959046,1,138.31858914696517,345.11833421460415,0,753.1706944839306
26,0.7252576604151365,1,283.64781733508744,475.39286328566186,0,1253.4275503689196
2,0.48666894142470285,0,120.36073658990738,364.7110929886554,1,603.8407281982816
5,0.8734232380816606,1,201.19158154698633,130.7212193257686,0,386.46341314759513
29,0.9007018640112585,0,144.17055659260177,241.86648199403314,1,518.3331288271645
5,0.4217209268734554,1,107.78599266513349,320.2653517763406,1,742.7705284258816
6,0.2768277972350516,1,107.20376365828528,261.2831024533009,0,509.9406686061114
19,0.5923503285933622,0,135.04435442116545,433.45760419006893,1,749.9207939054644
8,0.912363345616691,0,273.3540709012001,425.86840188399566,1,890.1505289094314
16,0.21066218900566658,0,156.49574879540535,344.7324080412886,0,429.8040666200016
13,0.6229665835634828,0,290.09183411505916,249.3831780530821,1,481.14974789452026
1,0.6315602200925206,1,216.3244585978387,202.13454950529766,1,566.1244809785328
22,0.733113022415281,0,187.3228379537532,142.34972728525173,1,311.04044989070894
20,0.1315676851272598,1,216.01776693389093,241.9590733946216,0,428.29137955842214
17,0.7158249646820886,0,203.33967704525355,265.2690068830878,0,472.0891520709522
7,0.909032520665641,0,251.75525075146504,370.3291700416294,0,730.7459540357332
25,0.17968310887024197,1,156.49921319457044,363.26392971902936,1,703.4544042465055
13,0.23754332492387764,0,170.6100783200605,128.04325585650278,0,172.92008441874128
4,0.9713950940416396,0,278.81886050665014,258.1037261724631,1,585.9063055809255
4,0.18097695270948977,0,289.2913026300811,172.71154688694477,0,232.0974866032943
6,0.8543850933695791,0,278.5116454972949,162.72508212672227,1,378.4061311628638
28,0.4922778564480348,1,183.88959879146273,430.92085989489834,0,977.3694455332004
19,0.24723107440317704,1,256.0731006013763,116.76608668650302,0,240.2587476879301
29,0.8707499012725114,0,195.26714666021977,267.6731503608485,1,564.4762342768814
12,0.4453052550026655,0,199.50797042922045,167.2814623066073,0,259.3235735791919
22,0.5148173539296902,0,140.93602181145678,451.7320862713896,1,743.9852057919107
7,0.3592333693997657,1,218.22606065170328,322.8162053100141,0,678.5964437257358
27,0.5929508514349274,1,137.22717955066958,192.5522545507392,0,468.4121347035393
10,0.16352387258502277,1,166.31293981343876,300.9709148665506,1,589.9115605828231
26,0.3910815366517607,1,271.006040323987,392.59454388124635,1,891.0971361075306
19,0.9694123223352875,0,141.41516184217105,483.2472035677735,1,1012.0545136246594
7,0.25813343270112754,0,114.23165703468656,188.1784016981676,0,246.77670419219595
30,0.6567366645412922,0,113.80151852256326,454.47270885173805,1,808.3217516403306
3,0.3251900642246949,1,288.15690410062155,473.7216456669961,0,969.8725174791742
13,0.7734731256866006,0,201.38408759236694,466.5682178128265,1,894.9846043497768
13,0.13087366071834983,1,181.88241436340365,354.165742744764,1,666.3633064345472
18,0.9698210450785447,1,262.17571620158367,351.92826177388304,1,1112.4711162203173
28,0.45378954138363925,0,267.16518558210316,261.2842532735291,1,450.9688332955008
30,0.23605046334646396,0,166.43820662312092,400.95915292151517,1,556.2495674139566
26,0.07349674733001266,0,238.72361149475904,312.51760734037276,1,404.15899611272414
20,0.16975790508754074,1,254.2245631703773,370.9752284913178,0,672.3492654961011
28,0.5197739485560177,1,230.93013737319092,271.38316153951814,1,686.1546022141126
8,0.3370031764312863,0,130.31901496001987,392.59858561725565,0,536.337457528703
29,0.8288833658826095,0,275.1766167034114,429.7886070418196,1,857.7508959349823
9,0.43088752366180594,1,207.81891054720174,158.57450264112646,1,409.3353071548161
7,0.2487142725876299,0,156.49448527400074,433.1718862296912,1,605.1573653461205
1,0.61714498660403,1,185.04563708753878,316.1186127161229,0,785.1190082979026
3,0.7067772168854458,1,107.51421807978147,437.8663636360897,0,1131.161922049812
13,0.16704190790094986,0,125.57336024448351,272.52068253640584,1,378.0003933142045
28,0.16761921628831766,0,253.10935010317218,251.61619415321402,0,313.50283843294216
30,0.03667142693354297,0,100.00232695107323,466.02429300688897,1,537.1143015122544
25,0.7364020150656405,0,183.31316569645844,200.46770701936052,1,411.42384699365186
28,0.6638045276218051,1,204.50203621711768,437.68493011445725,0,1107.183456216113
17,0.4746308757498139,1,110.92688400019446,293.6082290037616,0,657.1383281947728
25,0.8441704489691971,1,294.61563259446655,305.6381770205039,0,869.934904466491
24,0.8056701529500532,0,145.2250662499344,223.38731259579362,0,413.0863095269415
1,0.5853543643967521,1,160.83974392725617,329.21688024760624,1,848.7721012931638
6,0.8682712805132586,0,160.78850245100546,230.08447851048453,0,444.73907353810887
21,0.20584121003676825,0,146.08333242346998,115.70776569666093,0,149.93352544065948
6,0.11191961939772788,0,100.29476441726229,208.7994421377424,1,290.99767267398266
26,0.2697496115169896,0,245.86895881759926,102.55161736263628,0,149.6017721884063
12,0.05708685608931485,0,293.36909995985707,491.34191482274264,0,546.3279900008628
13,0.531169528001032,0,144.858696657009,486.298883927899,0,756.4919022370107
13,0.9366056922949615,1,232.6094383606845,258.062118988922,0,770.3077967355375
29,0.03934354066850965,0,248.37926539174302,391.3483417358584,1,475.78329767367126
15,0.1221099140100268,1,269.6850758181049,238.32243936416998,1,475.1044654941934
21,0.4521990282834353,1,184.52583940272183,368.4372628343904,0,816.8189365475379
16,0.9338750175279049,0,160.58618112808585,422.17201721839166,0,829.2865353108167
22,0.3161561049767505,0,165.05902680460622,478.7024978768963,1,692.1531177287577
21,0.5072348086883924,0,242.52426661970256,260.08491033986877,0,412.0614567408201
11,0.0415728590503921,1,263.3558933011272,413.3191931824191,0,669.888669945233
28,0.14834320096208886,0,136.32279355132053,206.37138025284753,0,245.0174507416514
5,0.9866301229588469,1,174.18820163155306,496.13292151745935,0,1494.8677304803987
4,0.9651186964360455,0,280.38803934983,110.30783950574046,0,244.00680171118023
3,0.004939980934409616,0,261.33870393894784,341.4115226004484,0,368.63195940677707
19,0.951811785423239,1,296.9716805524952,363.80239266053087,0,1091.0078643952452
20,0.6391199378155004,1,250.84965193641614,375.21822282965155,0,943.6264703013132
25,0.8679182945200221,0,178.63904020558445,148.1550315156356,0,289.60539781380464
18,0.4547398556338591,1,218.12756679892755,475.41191338925216,1,1105.613744055639
15,0.5155960285792502,1,232.20285084946406,172.47331162003312,1,462.32008427579683
9,0.4888465802569202,1,115.69116326342478,349.10136129593644,1,839.4066682190784
17,0.6668642575461043,1,208.89939182077302,189.07043164923397,0,490.2220561944601
14,0.1396512547563129,1,241.86416569452192,222.88656680850835,0,402.40584986691715
15,0.029973589872677953,0,133.46426080021206,318.58341669124974,1,388.4789314434109
1,0.3079299415911909,0,256.1263434851114,266.8773674258306,0,374.4695339377886
21,0.7046807627366467,1,216.75455610282233,164.0902403906025,1,487.05766983032026
22,0.20185345212294836,0,290.44435713951896,168.37456096833932,0,227.0059830634363
22,0.6734324333249173,0,108.48445964137834,267.2579152651199,1,503.686509431592
3,0.9699120461072704,1,153.06522751109338,402.9131913102003,1,1255.2618463973395
16,0.09390071578941839,0,220.31077585996482,459.1858587391154,1,571.1348171410937
23,0.6726021182251263,1,159.31198244118613,133.65106490375314,0,346.6487796357106
25,0.44375021930457115,1,242.88483281424845,257.2415630237604,1,626.377327826132
11,0.8681422543775054,0,251.8010565043862,140.09822548915065,0,284.70352045002863
12,0.1771497894473859,1,120.50319281329489,106.63699225303915,0,197.94188874828083
10,0.6926259522261645,1,202.77089284135354,364.6874730575826,0,944.1963113077022
16,0.8381152896481102,1,201.77811111821117,340.9797767866351,0,957.1180228702917
8,0.9446142194740232,1,173.85615404310823,165.2076455259545,0,497.6833203877034
6,0.6832480282896458,1,286.5849725139344,193.52513323722565,0,516.0846956704701
12,0.4971747640084273,0,265.50126397464425,109.48310145780735,0,188.06546298546786
24,0.6178472402012138,0,239.44187638192736,433.9788822777615,1,771.2557246368767
28,0.8689049844787182,1,242.8653271469995,489.8762384194206,1,1441.98474835431
21,0.5706097466388297,1,192.34322876262382,154.18381471787632,1,428.27822613104036
8,0.03038705969683686,0,284.1989042193152,192.59008550611924,0,225.26222235334413
26,0.9309486955069778,1,238.91908545065706,447.3638095787736,0,1314.446755329813
28,0.6895267510315611,0,245.79621233116328,470.58551918247394,0,814.046444539982
4,0.6765133857772465,1,272.33818075746905,267.85095312272415,0,700.0173805309081
26,0.21567515239771717,1,154.8143178684382,120.24898890762965,1,279.55699366077494
8,0.6588854702326572,1,261.4141807733406,115.75673347712777,0,312.58216294753623
26,0.3938644056541585,1,139.0481205912984,329.57994642760417,1,747.7894462733926
28,0.6512329770414921,1,169.06839044897757,257.15804355727164,0,648.2486017947567
18,0.10659303030799072,1,167.12209085396853,111.4609710310618,1,248.12510962689763
28,0.657845304603036,1,295.70509367782813,333.3009569250227,0,852.8126490545544
28,0.9994137257706666,0,271.30744474958533,104.52101463560899,1,280.5114957688719
5,0.04821203886055603,0,240.23397231805194,414.94878325970916,0,457.9777073551719
9,0.9771741842213173,0,245.41135232307803,222.5731290813486,1,512.8069801533092
4,0.4069079607228706,1,212.41455888051422,116.10320120369283,0,265.4612329463783
27,0.8707534503372591,1,289.4181334217038,335.34088839326137,1,1014.5519993434535
22,0.7823854840582735,1,199.25175057647232,259.0737657732219,1,758.1791541794031
17,0.5670162609866678,1,176.1035419739789,489.5201653428598,0,1164.839442957113
9,0.7384492092513265,1,132.6070673863182,317.6794650014809,1,889.8651288294452
1,0.8785155613013479,1,257.24113045221156,210.09567241480332,0,617.5260980351387
21,0.404140321651033,1,246.8887864151183,383.7755458535899,0,828.8009562365024
20,0.3270331615632387,0,176.87100770482698,208.59680101708454,0,290.5019731161622
13,0.6675933855635847,1,105.03868279184587,461.69731656302605,1,1212.7889551286228
28,0.8078459419412586,0,267.79946554360214,249.88878820295056,1,522.940378243683
16,0.7622851347766157,0,102.28359669081473,319.9474251104821,0,570.8669508513385
29,0.7978136488586345,1,240.7399559258102,120.22924152969154,0,342.4986527135822
13,0.435583314812933,1,294.0514219452114,270.44849518089234,1,659.1821629914534
14,0.8178342161750216,0,187.53226562964068,432.945415864398,1,852.9762172573908
3,0.12020905537060844,0,146.99468099919056,422.25952214533675,1,537.1184085235913
29,0.5444890979608495,1,240.97420200867634,189.7274235414105,0,457.8453260667314
6,0.0057586604981215705,1,263.425628403117,190.43162840422508,0,312.43495209077594
18,0.3245858299002703,0,209.28606321556947,426.9221248852947,0,582.8236034155318
19,0.3664615348713979,1,293.40705505122924,472.1593680677302,0,993.3221276957329
5,0.3961726916092554,1,110.33374433159221,138.14436850920143,0,299.34346665138816
15,0.6954672066898622,1,200.95911966090563,280.0234557704901,1,779.2517915103431
25,0.38855810127034573,0,243.69078946451,234.98171158569158,0,345.6548382191349
2,0.44869362262253065,0,272.5280942298358,448.27538218297576,1,726.2664967701381
10,0.23754413087432746,0,135.851122381558,133.4099658720075,1,226.68583250320302
24,0.3732517916293401,1,260.00069635273627,184.45037702321497,0,401.1452857060295
30,0.22726962726315147,1,210.54141514370906,400.9873350345977,1,803.2335073221037
18,0.07319592376844364,0,179.31073639799263,120.51753959248623,0,143.6700058730575
27,0.6034485933813779,0,126.34300571581872,297.0141522857157,1,533.4812252684751
13,0.6682127985550163,0,273.0591517817825,276.842813871888,0,486.53864046724595
5,0.6194903460096145,1,131.45464163594306,233.76047159549947,0,580.0047047049435
23,0.46349404380057235,0,161.95757184181986,257.8289261275695,1,438.92685489137773
24,0.3797857801792298,0,158.00910639248738,311.97623477209316,0,441.46128313163985
1,0.8633336495718252,1,274.28280683817087,164.54694335535325,1,537.1370654161453
22,0.519081785136218,1,234.5405988417796,328.79835131343714,0,768.2614395787701
1,0.47918187762973097,1,259.33627943827446,422.17293171999455,0,962.439452682872
18,0.025642065806435688,0,150.0935797584998,404.06437191606364,0,425.83477510662146
15,0.34124782762615635,1,224.97481992139979,161.55996187750947,1,394.5354038415013
17,0.38019561878585706,1,214.34919662874972,159.69978789658956,1,398.6603410267303
11,0.3988227808969005,0,266.5660753576542,207.26974709796534,0,314.3902515671386
21,0.5801723692273323,1,281.21741209625213,244.4298905364149,1,653.2837800679815
26,0.5336025467268785,0,102.43135429547736,263.382232563393,0,408.9667980513783
25,0.6079050927934446,0,234.80398381175854,371.8788867333381,1,666.4263542620668
22,0.7648832615421283,1,110.3671598239458,122.67217286633417,1,381.389812805588
27,0.8129857387160935,1,209.77173301547117,113.86908169042655,0,325.2417050797089
27,0.7181230762264944,1,157.52654580873565,256.7642251775636,0,672.0814652213554
17,0.9555236959549347,1,161.35531990442826,378.8654768551922,0,1124.056158344834
13,0.01823258267636163,1,170.59170069047133,177.37413718259302,0,285.37135877418154
1,0.1957779856835461,1,224.25848980992203,356.6017925025007,0,661.8507086756654
2,0.00756287497814212,0,166.80999313375384,203.9312551761198,1,271.75456107652775
9,0.647474714154603,0,246.53981011805607,454.43444352540655,1,821.5232359608309
3,0.8980305489499869,1,180.90547711477393,458.2759777066466,0,1322.2232560171851
1,0.24348229657629927,0,113.67064006199172,218.9148817125306,0,283.38384387282565
21,0.9270345447963066,1,256.75196849682146,191.99750158529622,0,576.4539239538562
16,0.06026739028956085,0,157.1516649185412,264.5215888264925,1,342.9787811521676
23,0.9344360268055143,0,186.55337591985253,196.21263407205947,0,393.6161258553842
6,0.3516226872396344,0,237.08877664438032,368.95353731668143,0,521.1948492389797
28,0.10142082844921652,1,166.4912314297424,430.42587381931423,1,772.1691569350446
17,0.48587175918632564,0,111.31713122934312,369.2368523644868,1,606.370324502176
5,0.25677656772050794,1,174.78420940256274,429.7401788997398,1,876.6095015140743
5,0.28487290196192283,0,288.8897165388607,258.79686488298967,1,410.41005045474066
6,0.3072899649262866,0,228.34687945971163,162.52678828354433,0,234.10432730074785
3,0.8030258978326634,0,234.2958297334414,395.1803789590369,1,785.3500405518138
21,0.5391612766752545,0,226.45643072752796,244.18980205662155,1,444.2931305573001
23,0.31130769915600365,0,139.79842779188735,368.508330091653,0,492.6076532314953
5,0.6103337833109184,1,183.66677282045603,208.25757679270626,0,520.4129945916898
21,0.7161506742231936,1,250.18795967266365,132.49185392266907,0,361.88277262497047
5,0.27262400073353377,0,120.27457951063184,497.03271819510536,1,693.5632242759812
10,0.4135491015253515,0,155.57055521794246,162.4806031722397,0,243.23136615121084
10,0.12188609333694755,0,155.2638216931707,495.3683975853924,1,619.2732984989767
19,0.18114934953468032,0,186.4037855189012,490.9119730265789,1,644.6807361710203
